practice,Stage1,Stage2,Stage3,Stage4,Stage5,AllStage
try0,0.8947368,0,0,0,0,0.8947368
try1,0.7692308,0,0,0,0,0.8409091
