a1,Stage1,Stage2,Stage3,Stage4,Stage5,AllStage
try0,0.8571429,0,0,0,0,0.8571429
try1,1,0,0,0,0,1
try2,0.75,0,0,0,0,0.9444444
