a3,Stage1,Stage2,Stage3,Stage4,Stage5,AllStage
try0,0.5862069,0,0,0,0,0.5862069
try1,0.6666667,0,0,0,0,0.637931
