a9,Stage1,Stage2,Stage3,Stage4,Stage5,AllStage
try0,0.65625,1.227273,0.7777778,1.296296,1.195122,1.012658
try0,1,0,0,0,0,1.0125
