a8,Stage1,Stage2,Stage3,Stage4,Stage5,AllStage
try0,0.7241379,1.227273,0.6511628,1.4,0.972973,0.9423077
