a1,Stage1,Stage2,Stage3,Stage4,Stage5,AllStage
try0,0.4285714,0,0,0,0,0.4285714
try1,0.6,0,0,0,0,0.5454546
try2,0.375,0,0,0,0,0.5
