practice,Stage1,Stage2,Stage3,Stage4,Stage5,AllStage
try0,0.1578947,0,0,0,0,0.1578947
try1,0.1153846,0,0,0,0,0.1363636
