a8,Stage1,Stage2,Stage3,Stage4,Stage5,AllStage
try0,0.03448276,0,0.02325581,0.04,0,0.01923077
