a4,Stage1,Stage2,Stage3,Stage4,Stage5,AllStage
try0,0.3,0,0,0,0,0.3
a4,Stage1,Stage2,Stage3,Stage4,Stage5,AllStage
try0,0.1666667,0,0,0,0,0.1666667
try1,0.3333333,0,0,0,0,0.2307692
try2,0.3333333,0,0,0,0,0.2647059
try3,0.2727273,0,0,0,0,0.2727273
try4,0.2727273,0,0,0,0,0.2777778
a4,Stage1,Stage2,Stage3,Stage4,Stage5,AllStage
try0,0.3333333,0,0,0,0,0.3333333
