a9,Stage1,Stage2,Stage3,Stage4,Stage5,AllStage
try0,0,0,0.02777778,0,0.02439024,0.01265823
try0,0,0,0,0,0,0.0125
