a8,Stage1,Stage2,Stage3,Stage4,Stage5,AllStage
try0,0.04761905,0,0.03571428,0.02857143,0,0.02040816
