a9,Stage1,Stage2,Stage3,Stage4,Stage5,AllStage
try0,0,0,0.03571428,0,0.02040816,0.0125
try0,0,0,0,0,0,0.01234568
