Time,Score
0,0
19.47723,110
22.4187,0
42.01638,110
44.28024,0
75.84824,150
77.30806,0
103.1447,70
104.7837,0
112.8673,40
