Time,Score
0,0
84.53202,210
89.89262,210
155.5969,420
157.8321,420
245.5513,700
247.5328,700
337.5363,980
339.5306,980
483.7754,1330
499.5977,1330
Time,Score
0,0
23.54225,60
