Time,Score
0,0
31.51655,170
42.7379,0
82.99797,200
86.40054,200
