Time,Score
0,0
83.89216,210
86.0582,210
151.3025,400
155.2919,0
263.7865,210
266.6624,210
284.6311,250
290.0015,250
Time,Score
0,0
2.647565,0
