Time,Score
0,0
78.07362,210
82.11259,210
147.8349,420
149.9054,420
266.8381,700
269.2348,700
367.4342,980
369.3835,980
520.0761,1330
524.6278,1330
532.5806,1350
