Time,Score
0,0
86.13599,210
88.21907,210
153.4656,420
154.9441,420
321.7692,700
324.4008,700
405.9371,980
407.5931,980
478.6013,1210
481.2718,1210
