Time,Score
0,0
10.00175,60
13.20174,0
21.06738,50
24.19193,0
32.44398,60
34.81413,60
