Time,Score
0,0
23.5287,150
26.12443,0
51.47406,190
53.89526,0
86.97642,180
89.97869,0
128.4441,200
131.0736,0
155.507,190
158.0231,190
Time,Score
0,0
6.744242,80
