Time,Score
0,0
38.96704,170
48.86702,0
84.8044,200
91.74926,200
