Time,Stage
0,1
38.96704,0
48.86702,1
84.8044,0
91.74926,0
