Time,Stage
0,1
83.89216,1
86.0582,2
151.3025,0
155.2919,1
263.7865,1
266.6624,2
284.6311,0
290.0015,0
Time,Stage
0,1
2.647565,1
