Time,Stage
0,1
84.53202,1
89.89262,2
155.5969,2
157.8321,3
245.5513,3
247.5328,4
337.5363,4
339.5306,5
483.7754,5
499.5977,5
Time,Stage
0,1
23.54225,1
