Time,Stage
0,1
31.51655,0
42.7379,1
82.99797,0
86.40054,0
