Time,Stage
0,1
86.13599,1
88.21907,2
153.4656,2
154.9441,3
321.7692,3
324.4008,4
405.9371,4
407.5931,5
478.6013,0
481.2718,0
