Time,Stage
0,1
78.07362,1
82.11259,2
147.8349,2
149.9054,3
266.8381,3
269.2348,4
367.4342,4
369.3835,5
520.0761,5
524.6278,6
532.5806,6
