Time,Stage
0,1
10.00175,0
13.20174,1
21.06738,0
24.19193,1
32.44398,0
34.81413,0
