Time,Stage
0,1
23.5287,0
26.12443,1
51.47406,0
53.89526,1
86.97642,0
89.97869,1
128.4441,0
131.0736,1
155.507,0
158.0231,0
Time,Stage
0,1
6.744242,1
