Time,Stage
0,1
19.47723,0
22.4187,1
42.01638,0
44.28024,1
75.84824,0
77.30806,1
103.1447,0
104.7837,1
112.8673,1
