a6,Stage1,Stage2,Stage3,Stage4,Stage5,AllStage
try0,0,0.02531646,0,0.05882353,0,0.03097345
try1,0.01111111,0.01886792,0.01754386,0.04761905,0.01470588,0.02513465
