a6,Stage1,Stage2,Stage3,Stage4,Stage5,AllStage
try0,0,0.04651163,0,0.03773585,0,0.03482587
try1,0.01098901,0.02380952,0.02040816,0.05357143,0.01515152,0.02772277
