Time,Score
0,0
78.82026,210
84.03566,210
154.9875,420
158.6127,420
179.9126,530
200.0021,0
319.4337,210
322.723,210
341.6628,300
345.6759,0
400.4616,180
402.8082,180
