Time,Score
0,0
43.63341,210
56.83942,210
77.61862,350
86.19541,350
