Time,Stage
0,1
78.82026,1
84.03566,2
154.9875,2
158.6127,3
179.9126,0
200.0021,1
319.4337,1
322.723,2
341.6628,0
345.6759,1
400.4616,0
402.8082,0
