Time,Stage
0,1
43.63341,1
56.83942,2
77.61862,0
86.19541,0
