ƒ‰ƒxƒ‹,U,L,i,miss,eff,s
C5,40,5,1,1,0.9603961,100
6,20,30,183.312492,1,0,1,0
6,20,30,183.312492,1,0,1,0
5,20,25,176.5900202,2,0,1,0
12,30,30,135.6532716,3,0,1,0
16,40,20,98.3787178,4,0,1,0
