ballspeed,3
starttime,63307993
start,63319951
hit,6.332143E+07,speed,35.00528
miss,63324045,speed,35.00528
